employee_id,first_name,last_name,email,department_id,role_id,hire_date,active_flag
1,Tonya,Patrick,corey15@castro-gomez.com,4,4,2018-12-15,True
2,Tammy,Woods,trujilloana@gmail.com,3,5,2017-01-23,False
3,Jennifer,Ross,vclayton@cross.com,4,3,2018-09-23,False
4,Sally,Walker,udavis@bolton.com,3,5,2017-08-07,True
5,Amy,Olsen,sean96@johnston-roberts.com,5,2,2018-08-27,False
6,Antonio,Zavala,rjones@gmail.com,2,1,2018-01-08,False
7,Sandra,Kirby,aimee33@hotmail.com,5,6,2022-08-12,True
8,Bethany,Hayes,nguyendarrell@hotmail.com,3,1,2021-03-07,True
9,Megan,Sanchez,thorntonnathan@gmail.com,6,3,2021-02-18,False
10,Ronald,Brown,brandonberry@guzman.com,5,1,2025-04-10,False
11,David,Davis,jacobsjames@robbins.com,4,3,2016-07-07,True
12,Sharon,Johnson,huffchad@gmail.com,5,4,2020-08-06,False
13,Michael,White,carlsonholly@yahoo.com,5,3,2018-11-13,True
14,Jorge,Strong,heidiharris@gmail.com,5,1,2018-03-03,True
15,Megan,Peterson,carlsonscott@gmail.com,6,4,2015-09-14,True
16,Thomas,Ortiz,paul42@hotmail.com,5,4,2015-09-09,False
17,Stephen,Miller,dennis75@roberts.org,2,6,2017-09-23,False
18,Jennifer,Hughes,smithjames@yahoo.com,6,1,2018-03-14,True
19,John,Walsh,sjohnson@hotmail.com,5,2,2022-08-04,True
20,Kelsey,Fletcher,sbrown@griffin.net,2,5,2015-06-24,False
21,Nicole,Simpson,zwilliams@yahoo.com,1,1,2018-09-04,False
22,Amy,Mccarty,valeriemorales@butler.com,5,4,2024-06-19,True
23,Cheryl,Lee,joshua21@nash-sanders.com,3,5,2015-11-06,False
24,Joshua,Chavez,dennis85@wiggins.com,6,1,2016-03-12,False
25,Billy,Becker,sheena09@hotmail.com,5,2,2023-11-21,False
26,Jennifer,Orr,monica23@yahoo.com,4,1,2025-06-19,False
27,Kelly,Taylor,matthew51@yahoo.com,3,5,2016-01-31,True
28,Blake,Martin,ralph82@yahoo.com,3,2,2017-06-06,True
29,Timothy,Allen,hayden81@powell-murphy.biz,2,1,2017-04-29,False
30,Cory,Kerr,mary51@yahoo.com,4,1,2017-06-13,True
31,Holly,Simmons,jessica22@hotmail.com,6,2,2025-01-29,True
32,Nicholas,Villegas,mortonjames@brown.com,1,1,2022-03-06,False
33,Angela,Roberts,rodneyrichardson@yahoo.com,6,5,2025-06-07,False
34,Kimberly,Reynolds,brownmichelle@hotmail.com,5,2,2015-12-12,True
35,Rebecca,Hayes,crawfordjonathan@williams.com,6,5,2017-04-04,False
36,James,Gray,hintontonya@elliott.biz,5,3,2024-05-05,False
37,Tyler,Stark,obolton@hotmail.com,4,6,2018-11-30,False
38,Amy,Velazquez,janice55@warren.org,1,3,2018-02-16,True
39,Megan,Aguilar,marshzachary@gmail.com,4,5,2016-08-09,False
40,Jeffrey,Williams,krivera@melton.com,2,2,2024-01-25,True
41,Patrick,Moreno,gregorylinda@mooney.com,6,3,2020-05-27,True
42,Amanda,George,olawson@gmail.com,6,2,2015-06-25,False
43,Joy,Turner,cameron44@yahoo.com,2,3,2022-01-05,False
44,Lisa,Brown,justingreer@mcmahon.biz,1,1,2017-11-15,True
45,Travis,Boyer,lisagomez@carr.info,6,2,2016-04-11,True
46,Craig,Osborne,georgedavid@garcia-dunn.com,5,6,2018-10-17,True
47,Patrick,Frank,ibarrachelsea@yahoo.com,1,1,2021-03-23,True
48,Debra,Montes,susanhughes@yahoo.com,5,5,2017-07-18,True
49,April,Floyd,caseysean@gibson.com,4,1,2016-03-27,False
50,Rachel,Williams,duffyelizabeth@hotmail.com,1,1,2019-02-25,True
51,Jerry,Frank,sonia26@hotmail.com,2,2,2022-08-28,True
52,Sandra,Walls,garciakim@hotmail.com,4,2,2015-12-31,True
53,Lacey,Jordan,crawfordmichelle@yahoo.com,6,1,2019-10-10,False
54,Christian,Jones,reedgregory@gmail.com,5,1,2021-09-13,False
55,Chad,Barry,harrisemily@adkins.com,1,2,2015-11-24,True
56,Sarah,Hall,shawnwoods@haley.com,6,3,2021-03-05,False
57,Thomas,Carter,brittanymiller@hotmail.com,4,2,2025-05-11,True
58,Kyle,Bennett,lindastewart@young.com,5,4,2021-10-24,True
59,Robert,Williams,longjacqueline@fisher.biz,5,1,2017-11-24,False
60,Brittany,Evans,wrightcynthia@hotmail.com,2,3,2024-06-24,False
61,Brian,Ortiz,scott54@yahoo.com,6,4,2017-01-09,True
62,Stephanie,Hogan,granthaley@hotmail.com,6,6,2023-01-25,True
63,Sarah,Lopez,dthompson@yahoo.com,1,6,2024-05-18,True
64,Douglas,Ford,sfischer@greer.org,2,3,2023-05-03,False
65,Alan,Evans,rogerpotter@gmail.com,1,5,2023-12-11,False
66,Kathleen,Hall,crystal01@yahoo.com,6,2,2016-03-01,True
67,Aaron,Ross,qgarcia@yahoo.com,4,6,2020-04-18,False
68,Monica,Chambers,johnsonlaura@ferguson-wilson.com,5,5,2018-04-05,False
69,Carlos,Callahan,audreyburton@hotmail.com,6,3,2017-04-08,False
70,Robert,Walters,kelly59@hotmail.com,6,3,2017-10-27,True
71,Eric,Terry,igarza@hotmail.com,5,6,2020-07-24,True
72,Michael,Kennedy,thomasneal@yahoo.com,4,6,2023-11-10,True
73,Denise,Brown,juliewilliams@hotmail.com,3,6,2019-02-23,True
74,Anthony,Ruiz,mcdanielchristopher@middleton.com,5,3,2015-07-17,True
75,Yvonne,Marks,donaldberry@gmail.com,2,4,2017-04-09,False
76,Ryan,Moran,markwong@hotmail.com,5,3,2022-11-18,False
77,Earl,Fitzpatrick,david27@clarke-price.info,5,6,2022-02-07,True
78,Jessica,Pope,brendawilliams@yahoo.com,6,3,2016-01-16,False
79,Jim,Miller,brian23@evans.com,6,4,2021-06-25,True
80,Robert,Brown,thenry@yahoo.com,1,5,2019-02-21,True
81,Matthew,Williams,michaelroberts@taylor.com,6,3,2022-03-22,True
82,Angela,Walker,charlene91@morris-bryant.com,2,2,2019-10-28,False
83,Anthony,Williams,clarkalice@gmail.com,4,6,2018-11-27,False
84,John,Daniel,zachary64@yahoo.com,1,4,2021-04-30,False
85,Monica,Allen,smithtyler@yahoo.com,6,6,2016-04-13,True
86,Sally,Jenkins,falexander@gmail.com,2,4,2019-07-31,True
87,Corey,Cannon,scottjones@yahoo.com,3,6,2024-12-26,True
88,Kari,Calderon,johnrobinson@michael-flores.biz,4,5,2017-04-20,False
89,Angela,Mitchell,kimberly89@herrera-green.com,5,5,2015-10-04,True
90,David,Logan,jessicawright@hobbs-osborn.com,1,4,2024-08-02,False
91,Zachary,Trevino,hbrewer@cunningham.net,3,4,2020-04-11,True
92,Jeffrey,Decker,holmesemily@brooks.com,4,2,2025-05-18,True
93,George,Pacheco,brenda02@yahoo.com,6,2,2018-02-12,True
94,Theresa,Dixon,kathyharrington@hudson-dominguez.com,4,6,2019-06-25,False
95,Jessica,Cabrera,charlotte27@gmail.com,3,1,2015-12-02,True
96,Alicia,Howard,alexander38@hotmail.com,1,6,2018-04-02,True
97,Donna,Simpson,janet14@gmail.com,6,5,2022-04-25,True
98,Jade,Underwood,nacevedo@gmail.com,2,1,2020-11-02,True
99,Jessica,Nixon,qbarnett@hotmail.com,3,3,2019-04-27,True
100,Jordan,Powers,kellyamber@hotmail.com,1,4,2018-01-18,False
101,Michael,Henry,allenalexander@murphy.biz,6,1,2017-10-15,True
102,Patricia,Robinson,michaelthompson@yahoo.com,3,4,2022-06-06,True
103,Patrick,Ortiz,kmalone@gmail.com,3,2,2022-06-08,False
104,Stephanie,Jackson,christopheryoung@wright.com,1,2,2025-01-10,False
105,Gary,Miller,nmckinney@williams.biz,1,1,2015-12-10,True
106,Connie,Preston,howardemily@yahoo.com,2,6,2019-06-30,False
107,William,Martin,joseph76@gmail.com,5,3,2020-10-06,False
108,Alyssa,Roberts,mejiaashley@yahoo.com,5,1,2016-02-16,False
109,Stephen,Griffith,tyler04@hotmail.com,6,6,2016-01-22,False
110,Jonathan,Becker,kathrynblack@yahoo.com,6,4,2019-09-28,False
111,Jason,Knight,brendacortez@hotmail.com,5,2,2021-06-27,True
112,Francisco,Parrish,meghan09@cunningham.com,4,5,2020-06-06,False
113,Connie,Morris,aarcher@gmail.com,1,2,2025-02-24,True
114,Bradley,Martinez,qbrowning@osborne.net,3,3,2022-09-08,False
115,Joshua,Greer,hopkinseric@david.net,3,6,2022-01-08,True
116,Karen,Baker,pattersonvicki@hotmail.com,3,5,2020-03-31,True
117,Sophia,Medina,james62@gmail.com,1,3,2024-03-05,True
118,Eric,Guerrero,steven08@yahoo.com,2,5,2019-05-12,False
119,Rachel,Cox,crystalburton@smith-moss.org,3,4,2019-08-06,True
120,Joshua,Duffy,berryjoel@hotmail.com,3,1,2023-02-16,False
121,Michelle,Jacobson,frankmclean@walters-shepard.com,6,2,2022-11-30,True
122,Nicole,Ayala,parkertravis@yahoo.com,3,2,2018-12-05,True
123,Kathryn,Hughes,aguilarmichael@hotmail.com,3,4,2017-08-19,False
124,Anne,Ramirez,hwells@williams.com,3,4,2021-08-14,True
125,Adam,Lee,bwilliams@long-martinez.com,1,5,2022-05-23,False
126,Emily,Larson,william22@gmail.com,4,3,2023-08-29,False
127,Janet,Moran,colonhayley@welch.org,1,4,2016-11-19,True
128,Christopher,Thompson,laurenmurphy@hotmail.com,6,4,2019-10-18,False
129,Kimberly,Holmes,katherinecole@gmail.com,1,3,2016-02-18,False
130,Cynthia,Thompson,lisa13@gibbs.net,6,6,2018-03-10,True
131,Jenna,Durham,dingram@miller.com,2,6,2017-03-31,False
132,Ronald,Gomez,martha85@hotmail.com,6,1,2017-07-01,True
133,Derek,Schaefer,andrewblackwell@williams.com,1,2,2020-10-09,True
134,Laura,Buck,samantha16@alexander.org,1,4,2019-10-30,True
135,Emily,Hart,dwhite@yahoo.com,1,4,2018-09-19,False
136,Stacy,Brown,johnsonandrew@gilbert-valdez.com,4,4,2020-12-19,True
137,Stephen,Spencer,dmiller@hotmail.com,4,1,2022-04-25,False
138,Krystal,Garrison,wongcody@gmail.com,2,3,2021-02-24,True
139,Michael,Garcia,reginagarrett@moyer-smith.com,4,2,2018-02-22,False
140,Sheryl,Dominguez,kimberlymoore@sanchez.com,1,1,2023-09-10,True
141,Susan,Garrett,perezcynthia@yahoo.com,5,4,2018-05-15,True
142,Tammy,Bell,kford@hughes.com,1,4,2025-05-28,False
143,Adam,Price,andrewholloway@smith.org,3,2,2017-12-27,True
144,Kimberly,Nunez,barnesashley@hotmail.com,2,5,2021-02-20,True
145,Jennifer,Nielsen,amandajones@yahoo.com,1,2,2025-02-08,False
146,Donna,Church,ysanchez@gmail.com,4,3,2022-03-12,True
147,John,Olson,whitney85@johnson.com,1,5,2020-03-05,False
148,Billy,Morris,fergusonmelissa@gmail.com,2,5,2022-02-25,False
149,Anthony,Fisher,tmiddleton@yahoo.com,6,6,2023-05-03,False
150,Evan,Peterson,brittanyferrell@yahoo.com,5,4,2024-01-17,False
151,Daniel,Richardson,katie80@wiley.com,4,4,2025-05-28,True
152,Mark,James,andrea06@brooks-clark.com,5,5,2017-09-22,True
153,Daniel,Kelly,dray@may.com,1,3,2022-09-18,False
154,Amy,Spencer,jaredperez@taylor.org,3,1,2020-05-17,True
155,Jennifer,Rogers,qayala@peterson.com,3,5,2024-07-18,True
156,Heather,Barr,nicoleriddle@yahoo.com,4,5,2022-02-12,False
157,Stacy,Hunt,rhess@gmail.com,6,6,2017-12-27,False
158,Adam,Larson,caitlinmorrison@rodriguez.biz,1,1,2016-12-05,True
159,Laura,Smith,rflores@yahoo.com,1,2,2021-10-03,True
160,Breanna,King,sandrahoffman@gmail.com,1,3,2024-02-13,True
161,Samantha,Jackson,nfranklin@erickson-sullivan.com,4,3,2025-06-21,True
162,Dennis,Price,hendrickssarah@gmail.com,2,6,2022-05-15,False
163,Matthew,Hunter,castillocristian@hotmail.com,3,5,2023-10-26,False
164,Andrea,Long,jerrydiaz@yahoo.com,5,5,2017-12-02,True
165,Stephen,Rivers,aknight@hotmail.com,5,1,2017-01-17,True
166,Joseph,Hall,donald12@shields.net,6,4,2018-11-08,True
167,Adrian,Atkins,velazquezanita@yahoo.com,3,5,2017-02-19,False
168,Gina,Allen,joshua07@yahoo.com,4,4,2024-02-19,True
169,Sara,Davis,xperez@yahoo.com,1,6,2017-12-13,True
170,Jesse,Boyle,justin92@gmail.com,6,2,2022-04-20,False
171,Michael,Melton,crystal56@howard-morales.com,5,5,2017-04-08,False
172,Timothy,Carter,mauricesanchez@gmail.com,3,1,2021-03-24,False
173,Victor,Rodriguez,dmarshall@hotmail.com,3,3,2019-03-26,False
174,Emma,Shaw,leonardsutton@gmail.com,4,4,2023-07-03,True
175,Logan,Macdonald,kjoyce@russell.com,2,6,2021-01-13,True
176,Gregory,White,hallbradley@yahoo.com,2,3,2024-07-27,False
177,Adam,Wilson,figueroajames@meyer.biz,1,1,2016-08-11,False
178,Amanda,Howe,zreyes@graham.com,4,2,2020-01-22,False
179,Anthony,Reed,erica29@hotmail.com,5,6,2017-01-15,True
180,Johnathan,Garcia,andrew29@taylor.com,6,6,2018-11-28,True
181,Robert,Mason,cmartinez@white-kelley.com,3,4,2022-07-23,True
182,Jonathan,Miller,shawnbell@yahoo.com,5,4,2015-11-19,False
183,Sergio,Barron,pwalker@yahoo.com,4,1,2023-08-06,True
184,Thomas,Perez,denise92@hotmail.com,4,2,2016-12-19,True
185,Jacob,Cantu,moorebenjamin@trujillo.com,1,5,2022-06-23,True
186,Tyler,Jackson,pam83@murphy.org,6,3,2025-05-22,True
187,Ryan,Schultz,carlyjohnson@yahoo.com,6,5,2020-11-18,False
188,Angela,Gonzalez,andersonscott@bishop.net,2,4,2022-09-19,False
189,Sandy,Walters,trevor32@yahoo.com,1,1,2024-12-16,False
190,Megan,Robbins,ubranch@yahoo.com,5,6,2016-08-15,False
191,Dwayne,Webster,tsampson@clark.biz,6,1,2019-01-02,False
192,Christopher,Gutierrez,cynthiayu@hotmail.com,2,4,2017-10-18,False
193,Alyssa,Knox,estephens@gmail.com,6,6,2023-11-10,True
194,Karen,Harris,christopher03@hotmail.com,5,2,2015-12-14,True
195,Brianna,Mullen,stevenrodriguez@yahoo.com,4,4,2020-03-19,False
196,Natalie,Pollard,vreese@gmail.com,2,4,2019-12-19,False
197,Selena,Williams,hbrown@yahoo.com,6,1,2022-11-15,True
198,Luis,Daniel,hamiltonelizabeth@gill.com,1,4,2022-10-15,False
199,John,Soto,swilson@yahoo.com,1,5,2018-09-13,True
200,Julie,Weaver,zachary02@weiss-walsh.com,2,1,2021-02-12,False
201,Devin,Forbes,wmoses@king.net,5,3,2016-10-02,True
202,Michelle,Willis,meyerkimberly@yahoo.com,2,4,2017-02-14,False
203,Angela,Zimmerman,raymondlynch@gonzales.com,1,1,2024-10-14,False
204,Melissa,Robinson,joshuabeck@gmail.com,1,1,2016-11-22,False
205,Donna,Murphy,milleralexis@gmail.com,2,6,2018-04-23,True
206,Jennifer,Werner,gdavis@hotmail.com,4,4,2022-06-09,False
207,David,Watkins,grant36@hotmail.com,1,4,2020-05-09,False
208,Anthony,Houston,pittsdonna@yahoo.com,6,3,2024-10-18,True
209,Desiree,Mitchell,jordanbrown@barnes-aguilar.com,3,1,2020-10-18,True
210,Renee,Patel,hendersongavin@gmail.com,3,6,2019-05-29,True
211,Jasmin,Woods,christophergarcia@strong.com,3,3,2021-08-21,True
212,Alicia,Martinez,zcampbell@ruiz-zuniga.com,1,2,2018-04-09,False
213,Jenna,Dickerson,johnwalker@yahoo.com,1,5,2017-12-12,True
214,Jacob,Bird,jessehoover@schaefer-thornton.com,2,1,2019-08-14,True
215,Katherine,Anderson,alexandriaschroeder@harmon.com,6,6,2016-07-15,True
216,Robert,James,paulfox@gmail.com,6,1,2017-08-19,False
217,Melissa,Patel,nixontonya@foster.com,3,6,2022-03-21,True
218,Jonathan,Jones,joycehodge@dixon.info,5,2,2019-09-18,True
219,Shannon,Strickland,alexander25@howard.com,2,4,2017-10-01,True
220,Andrew,Roman,tmorgan@taylor-cardenas.com,4,3,2021-05-31,False
221,Melissa,Morrison,gdominguez@yahoo.com,2,1,2025-01-30,True
222,Megan,Lopez,wyatt82@holmes.net,3,3,2023-07-28,False
223,Sally,Green,hescobar@gmail.com,3,3,2018-10-13,False
224,Tammy,Ellis,harrisdakota@werner-harding.com,2,5,2018-08-16,True
225,Christine,Solomon,albert00@hotmail.com,1,5,2018-04-29,False
226,Marie,Collins,vmorrow@garrison-miller.biz,2,4,2017-06-09,True
227,Holly,Tate,michael36@flores.info,2,2,2018-01-18,False
228,Cheryl,Wagner,brownphyllis@lucas.com,5,2,2024-01-10,True
229,Christopher,Collins,morgandevon@burgess.com,2,3,2020-01-24,False
230,Paula,Miller,huntangelica@franklin-fisher.com,4,6,2022-08-10,True
231,Katie,Parks,robersonjulie@phillips-daniel.biz,2,5,2019-12-09,True
232,Joshua,Rodriguez,smithcathy@gmail.com,4,1,2017-07-26,True
233,Ricky,Bowers,edwardslori@gmail.com,2,4,2022-02-23,False
234,Dawn,Brady,clarkrobyn@williams.com,5,4,2025-01-03,True
235,Jessica,Phillips,newtonsean@hotmail.com,5,4,2017-12-13,False
236,Ann,Winters,mariahray@adams-lewis.com,6,3,2016-05-09,True
237,Alexandra,Osborne,eric28@mays.com,2,4,2015-08-02,False
238,Joy,Morris,beth11@clark-hayes.info,6,5,2023-06-25,True
239,Amanda,Miller,zreyes@hotmail.com,4,4,2023-08-23,True
240,Andrea,Stone,dawnpoole@edwards.com,4,6,2022-01-04,False
241,Deanna,Wilson,annette57@vargas-flores.org,4,2,2023-06-02,False
242,William,Hall,xharrington@sparks-smith.org,3,4,2016-10-14,True
243,Thomas,Richardson,stonedaniel@hudson.com,2,1,2018-07-15,False
244,Matthew,Tucker,shepherdkayla@hotmail.com,1,5,2023-08-07,True
245,Julia,Eaton,juareztimothy@cuevas.com,6,4,2025-05-07,False
246,Timothy,Mcintyre,cherylstewart@yahoo.com,2,4,2022-10-16,False
247,Ashley,Grimes,xmyers@phillips-lewis.com,2,2,2024-08-08,False
248,Brenda,Reilly,vallen@hotmail.com,3,5,2017-12-20,True
249,Marc,Thomas,amandapage@gmail.com,3,4,2023-01-29,True
250,Timothy,Holt,jenniferdavis@yahoo.com,4,2,2019-01-20,False
251,Kelly,Hill,megan50@lee.org,1,6,2018-04-05,False
252,Melanie,Ellis,haley65@hotmail.com,5,4,2022-01-12,True
253,Brian,Melendez,tonya49@hansen.info,2,3,2021-11-09,True
254,Jeffrey,Rhodes,hunterandres@aguilar.org,6,3,2017-02-08,True
255,Rachel,Young,colonjessica@cabrera.com,4,6,2025-04-09,False
256,Sheri,Nielsen,kenneth29@taylor.com,1,6,2023-12-01,False
257,Kristina,Thomas,christianvillanueva@hotmail.com,2,5,2022-05-26,False
258,Terri,White,amanda72@nelson.com,3,6,2019-03-25,True
259,Adam,Thomas,barnesdustin@williams.com,1,3,2023-03-31,True
260,Leslie,Ibarra,emma31@henry-gomez.org,1,3,2020-04-14,False
261,Jeffery,Tran,nicholasfinley@davis.info,5,5,2017-12-05,False
262,Roberto,Kemp,jocelynbaker@bennett-williams.biz,4,1,2022-01-03,False
263,Andrea,Barton,torresscott@hinton.com,3,3,2017-02-19,True
264,Amanda,Martinez,antoniohall@gmail.com,5,1,2021-11-27,True
265,Richard,Clay,jefferydavis@palmer.com,1,3,2024-11-02,False
266,Barbara,Fowler,qhancock@hotmail.com,5,3,2023-06-30,True
267,Danielle,Morrison,michael30@alexander.com,5,2,2015-08-06,True
268,Douglas,Chavez,mary46@rojas-giles.com,1,4,2016-12-26,False
269,Christina,Serrano,hallderek@gmail.com,3,5,2015-10-12,True
270,Todd,Thomas,darrellmorris@hotmail.com,5,5,2016-10-05,True
271,Michael,Shepherd,virginiaboyd@curtis-rojas.biz,5,1,2016-01-30,False
272,Douglas,Jones,mariaburns@richards.biz,6,5,2019-12-25,False
273,Joyce,Wilson,scottsweeney@giles-combs.com,6,3,2023-06-23,False
274,Ashley,Fleming,snyderabigail@valencia.org,4,3,2016-12-11,True
275,Steven,Green,omartin@gmail.com,2,1,2025-05-13,True
276,Stacy,Chan,osantos@smith.org,4,4,2017-12-06,False
277,Michelle,Mata,garciacody@mcdonald.com,2,5,2016-09-30,False
278,Donald,Werner,marvin66@terrell.com,3,6,2019-02-02,False
279,Kimberly,Watkins,moniquelewis@dickson-smith.com,6,4,2022-08-20,True
280,Belinda,Kelley,jennifer86@evans.com,4,4,2019-07-05,False
281,Lauren,Green,richardsonshannon@yahoo.com,4,6,2023-02-01,True
282,Brett,Frank,kmcdonald@hotmail.com,4,3,2024-04-12,True
283,James,Monroe,francojean@gmail.com,6,4,2023-09-22,True
284,Nicole,Baker,charlotteadams@gmail.com,5,2,2015-09-28,True
285,Jared,Green,grahammarcus@knapp.com,3,4,2017-08-02,False
286,John,Juarez,wthompson@yahoo.com,1,5,2022-11-25,True
287,Robert,Silva,aanderson@trevino.biz,6,1,2017-02-13,False
288,Robert,Leonard,kevinrose@hotmail.com,1,3,2021-03-20,True
289,Aaron,Thomas,karen73@brooks.org,1,5,2023-04-28,True
290,Jose,Jackson,asmith@gmail.com,3,6,2021-01-31,False
291,Jenny,Edwards,pamela18@roberts.com,6,2,2018-04-11,True
292,Sean,Martin,scottdecker@gmail.com,5,3,2025-01-06,True
293,Nicholas,Yu,christopher63@cummings-perez.org,1,4,2024-01-23,False
294,Anita,Richardson,chapmantara@hotmail.com,6,3,2019-06-15,False
295,Justin,Palmer,tgilmore@yahoo.com,2,3,2021-05-04,False
296,Joshua,Martin,bmorris@wells-kramer.com,6,6,2019-09-07,False
297,Andrew,Garcia,lisabean@rivera.info,2,4,2022-12-23,True
298,Michael,Gonzalez,henrydavid@ball.net,5,3,2022-05-14,True
299,Christina,Clark,stephensjennifer@yahoo.com,2,2,2015-07-11,False
300,James,Phillips,spadilla@yahoo.com,3,4,2016-07-26,False
301,Toni,Miller,pjames@hotmail.com,4,4,2019-06-05,True
302,Justin,Bonilla,rreid@moore-craig.biz,2,4,2022-03-12,True
303,Jennifer,Dickson,tkelley@yahoo.com,5,6,2025-06-11,True
304,Debbie,Jackson,cgonzales@jones-perez.com,4,1,2019-05-29,True
305,Nicholas,Weber,lydiacrawford@parsons.org,6,1,2016-01-08,True
306,Jeremy,Mayo,lleonard@sanders-collins.net,3,1,2016-02-14,True
307,Erik,Moore,wellsjessica@yates.com,2,5,2021-02-13,False
308,Kathleen,Jones,sarahgibson@yahoo.com,5,1,2024-10-20,False
309,Sara,Gray,ywilliams@wood.com,3,4,2016-06-18,False
310,Aaron,Weber,terrymiller@smith.net,1,6,2017-10-09,False
311,Laura,Jones,harriscraig@reynolds-wilson.info,5,4,2024-01-03,False
312,Jessica,Jackson,melissablair@dixon-miller.net,3,6,2016-01-28,False
313,Jessica,Tran,hkemp@hoffman-armstrong.biz,2,3,2020-09-10,False
314,John,Steele,xhorn@campbell.com,1,1,2015-07-01,True
315,Douglas,Yang,jacobpoole@webb.com,2,3,2016-03-03,True
316,Gerald,Douglas,triciadavis@yahoo.com,3,6,2017-12-08,True
317,Cynthia,Flores,michaelross@bernard.net,2,1,2021-07-19,False
318,Anthony,Rivera,burchrobert@yahoo.com,6,2,2018-03-09,False
319,Samantha,Williams,forbesdeborah@gmail.com,5,2,2020-01-06,False
320,Jeremy,Hinton,mike81@jimenez.org,2,3,2016-09-25,True
321,Ricky,Li,adam92@jackson-sullivan.org,5,1,2024-10-23,False
322,Lori,Melendez,shawnpayne@watkins-nixon.com,3,5,2021-09-09,False
323,Dave,Conner,jacob36@hotmail.com,3,3,2015-09-23,True
324,Elizabeth,Galvan,ktodd@gmail.com,5,1,2022-10-09,True
325,Patrick,Wallace,bryan29@turner.com,3,1,2017-02-26,True
326,Wendy,Wright,aimee65@hotmail.com,5,3,2022-09-11,True
327,Tracy,Wilson,johnny46@hotmail.com,2,3,2024-03-20,False
328,Andrew,Pineda,pnelson@bowen-sanford.biz,3,5,2024-12-05,False
329,Christopher,Yates,vasquezlisa@bailey.info,3,4,2025-04-24,False
330,Jackson,Matthews,jason61@davis.info,6,2,2017-08-31,True
331,Tonya,Crawford,tracysosa@yahoo.com,3,5,2023-11-01,True
332,Matthew,Warren,wardwilliam@li-santos.org,1,4,2017-02-10,False
333,Kristopher,Anderson,calebmorgan@johnson.com,6,4,2025-03-27,True
334,Alexandra,Taylor,annamiller@yahoo.com,4,4,2017-09-12,False
335,Nicole,Durham,dakota19@rodriguez.com,4,1,2018-07-19,True
336,Kaylee,Sandoval,nsullivan@gmail.com,1,2,2022-08-01,True
337,Melissa,Acevedo,jeaton@yahoo.com,2,4,2018-12-23,True
338,Kathleen,Fuller,charles27@cox-marsh.info,4,5,2021-04-28,True
339,John,Murray,linda72@herrera.info,4,5,2020-11-20,False
340,Grant,Guerrero,savannah11@morris-murphy.com,1,2,2015-07-03,True
341,Jaime,Banks,melaniemoore@miller.com,4,2,2017-04-11,True
342,Brent,Garner,jwashington@hotmail.com,3,3,2017-11-14,False
343,Brian,Rodriguez,glawson@miller-carpenter.com,4,1,2020-08-13,False
344,Megan,Powell,wpark@sims-lucas.biz,5,5,2019-12-01,True
345,Patricia,Thompson,lewisabigail@lowe-bryant.com,6,3,2021-02-15,False
346,Zachary,Robles,ilamb@yahoo.com,5,5,2018-06-17,False
347,Victor,Noble,ruthgonzales@ward.com,5,6,2020-12-17,False
348,Dennis,Young,ldalton@hotmail.com,3,2,2023-08-31,True
349,Rachel,Odom,andrew92@yahoo.com,1,5,2018-10-22,True
350,Vincent,Fletcher,scott10@moreno-rice.org,2,6,2025-01-19,False
351,Amy,Hopkins,charlene53@yahoo.com,2,2,2023-11-20,False
352,Duane,Bowen,adrake@hoffman.com,6,6,2017-05-03,True
353,Brian,Solomon,leonardkatherine@thompson.net,6,5,2021-09-27,False
354,Paula,Clark,ashleyblackwell@smith.org,1,1,2017-09-04,False
355,Sarah,Snow,nicole75@hotmail.com,6,3,2022-07-05,True
356,Travis,Lamb,vmoody@yahoo.com,6,5,2021-03-07,False
357,Sarah,Braun,lewisregina@yahoo.com,2,6,2020-07-23,False
358,Richard,Stevenson,thomastapia@weber.com,2,6,2020-01-30,True
359,Wayne,Hunter,pmartinez@schmitt-wilson.com,1,5,2024-04-02,False
360,Benjamin,Mclaughlin,warebrittany@hart.com,6,3,2021-09-15,True
361,Cory,Bennett,ashley83@walker.com,3,6,2017-02-06,False
362,Donald,Larsen,shelbyanderson@baker.info,3,5,2021-03-12,True
363,Amy,Webster,brownmatthew@gmail.com,2,1,2021-02-08,False
364,Sara,Lawrence,olsontrevor@gmail.com,3,5,2022-01-01,True
365,Monica,Brown,tiffanycastro@yahoo.com,2,4,2015-08-01,True
366,Latoya,Oliver,jessicacooke@frazier-gibson.com,2,5,2022-02-07,True
367,Lori,Nelson,sullivanandrew@yahoo.com,2,2,2017-05-15,False
368,David,Cardenas,catherine77@gmail.com,5,6,2020-12-31,True
369,Rebecca,Gutierrez,melissa92@fisher.info,2,6,2024-07-25,True
370,Darlene,Taylor,david85@hotmail.com,2,4,2018-05-06,False
371,Lisa,Davis,timothystrong@bender.com,5,5,2019-12-22,True
372,Michael,King,morgan63@mcgee.biz,6,4,2021-03-17,True
373,Jason,Arellano,lauren24@gmail.com,5,1,2017-07-01,False
374,Michael,Gray,jennifer92@yahoo.com,4,4,2015-12-13,False
375,Elizabeth,Escobar,sarajenkins@rhodes.net,1,2,2016-08-15,True
376,Jason,Newton,lisamoore@chapman.com,6,4,2019-02-11,False
377,Amanda,Snyder,wheelergeorge@gonzalez.org,5,3,2016-12-19,True
378,Edward,Singleton,diana83@torres.com,3,2,2020-03-28,False
379,Margaret,Reed,anne50@smith.biz,6,2,2015-08-15,False
380,Ryan,Nicholson,lisa29@yahoo.com,3,4,2024-08-17,True
381,Carlos,Frank,andersonpatrick@gross.net,2,1,2017-04-22,False
382,Anthony,Williams,george60@hotmail.com,6,6,2020-11-25,True
383,Crystal,Stone,ericaperry@hotmail.com,3,4,2016-04-15,True
384,Mary,Gonzalez,ashleylewis@gmail.com,3,3,2017-07-03,True
385,Kelly,Morris,henryle@yahoo.com,3,1,2016-06-01,False
386,Sierra,Salinas,ymartin@ortiz.com,5,5,2025-01-02,True
387,Crystal,Stephenson,schneideralicia@gmail.com,6,6,2024-03-15,True
388,Reginald,Walker,hernandezfrederick@flores.org,3,1,2024-06-18,False
389,Christine,White,alexander52@gmail.com,6,1,2024-03-28,True
390,Javier,Wallace,xhensley@gmail.com,2,1,2019-09-19,True
391,Bridget,Lee,travis40@terry-howard.com,2,6,2021-04-09,False
392,Jesse,Krause,ginamartinez@ortega-cordova.com,1,1,2022-02-14,False
393,Anthony,Ferguson,qcohen@harris.com,6,4,2023-12-26,True
394,Theresa,Craig,dylanmartinez@hotmail.com,2,4,2020-06-28,False
395,Gordon,Lam,chrisowen@simmons-galvan.com,2,3,2017-11-12,False
396,Steven,Burton,pecksteven@flores-lynch.info,2,6,2017-11-15,False
397,Justin,Jenkins,ewatkins@melton.com,6,6,2017-04-20,False
398,Ronald,Sims,knightrichard@hotmail.com,4,1,2022-06-29,False
399,Alexandria,Perez,deniserodriguez@nichols.com,3,5,2021-07-28,False
400,Todd,Sanchez,teresawhite@dillon.com,1,5,2019-09-11,True
401,Curtis,Mcgee,smills@mitchell-keith.com,4,4,2019-01-11,True
402,Blake,Buckley,jeffrey95@yahoo.com,1,5,2016-08-09,True
403,Linda,Cole,powersscott@campbell.com,5,6,2021-04-25,True
404,Jessica,Little,tiffany63@gmail.com,1,3,2022-03-06,True
405,Tammie,Carpenter,bleon@hotmail.com,2,2,2017-07-01,True
406,Leon,Hamilton,brentmcintyre@maynard-molina.com,2,6,2019-08-08,True
407,Wendy,Miller,ostewart@fuller.biz,6,1,2019-02-11,False
408,Ethan,Gaines,michellejackson@lozano.com,5,1,2019-04-29,False
409,Tyler,Collins,tricia79@hotmail.com,6,2,2016-04-29,True
410,John,Figueroa,taylorbob@davis.biz,3,3,2023-03-09,False
411,Debra,Foster,davidevans@yahoo.com,1,6,2022-04-25,True
412,Brooke,Todd,sarabaker@hotmail.com,4,1,2020-09-16,False
413,Joann,Nicholson,shannon19@yahoo.com,3,6,2020-12-19,True
414,Hailey,Moran,pachecomaureen@hotmail.com,4,2,2021-01-27,False
415,Marissa,Garcia,gilesandrew@goodman-rodriguez.com,2,6,2023-12-23,False
416,Joyce,Hill,james69@yahoo.com,3,3,2023-08-03,False
417,Kurt,Smith,petersonchristopher@yahoo.com,4,1,2023-03-29,False
418,Jose,Bailey,andreagibson@alvarez-miller.com,5,3,2024-11-17,False
419,Brett,King,brian52@yahoo.com,1,5,2023-07-30,False
420,Bradley,Gordon,katherine51@yahoo.com,6,1,2015-10-25,False
421,Lindsey,Guerra,rachel44@smith-moore.com,4,6,2019-06-12,True
422,Daniel,Davidson,pconner@hotmail.com,4,3,2016-02-07,False
423,Mark,Gregory,jason27@gmail.com,1,1,2022-04-15,False
424,Anna,Baker,smithrodney@hampton.com,6,1,2023-09-02,False
425,Breanna,Baker,singhjohn@zimmerman.com,6,6,2024-05-25,False
426,Teresa,Harris,anthonyquinn@hernandez-baldwin.org,6,2,2023-11-08,False
427,Amber,Hamilton,george54@hotmail.com,4,3,2021-04-15,True
428,Connie,Perez,garrisonkatie@taylor.com,1,5,2025-01-25,False
429,Frederick,Williams,christianhernandez@russell.com,2,5,2020-05-18,False
430,Max,Elliott,briannasmith@peterson-downs.com,2,2,2021-09-09,False
431,Calvin,Lopez,jasonwarren@hotmail.com,6,1,2017-10-09,True
432,Sheila,Wagner,bonnie89@jensen.com,5,2,2023-06-09,False
433,Jose,Lopez,connor24@gmail.com,3,3,2021-03-12,False
434,Seth,Miller,molly52@yahoo.com,3,4,2018-12-30,False
435,James,Perkins,kathydiaz@gmail.com,5,4,2022-12-24,True
436,Robert,Hull,ferrellkeith@gonzalez.com,1,2,2022-05-08,True
437,Christina,Washington,zmcgrath@gmail.com,4,2,2020-10-01,False
438,Gregory,Huffman,gordonshannon@hotmail.com,1,6,2022-02-10,False
439,Jeremy,Martinez,ukramer@lin-romero.com,6,6,2020-10-15,False
440,Ashley,Johnson,jamie04@reynolds.com,6,5,2022-01-22,True
441,Dean,King,rachelprice@booth.info,1,5,2017-10-10,False
442,Anthony,Greene,kyle24@yahoo.com,3,2,2019-11-27,True
443,Randy,Davies,mmorton@white.biz,1,6,2018-12-03,True
444,Alisha,Vaughn,parkerfrank@gmail.com,5,1,2020-09-14,False
445,David,Reed,garciawhitney@andrews-campbell.com,4,3,2020-03-22,False
446,Ashley,Houston,tgreen@hoffman.net,3,1,2024-12-16,False
447,Lisa,Johnson,qnorton@hotmail.com,6,3,2019-05-16,False
448,David,Henderson,monica85@drake.biz,5,5,2021-09-08,False
449,Lisa,Watson,tryan@gmail.com,3,2,2017-04-06,False
450,Christine,Lee,fthomas@gmail.com,2,1,2021-07-04,True
451,Jared,Jenkins,fclark@villa.com,6,6,2019-06-27,False
452,Sandra,Moss,robincruz@mathews.net,3,4,2020-04-01,True
453,Robert,Cobb,melissa54@hall.org,5,4,2017-04-26,True
454,Joseph,Davidson,murphydanny@ponce-davis.com,1,3,2025-03-08,True
455,Calvin,Myers,jeffrey32@klein.info,6,2,2023-08-02,False
456,Amy,Young,cindydavis@moran.info,6,6,2023-02-22,False
457,James,Banks,clee@hotmail.com,1,6,2018-03-12,True
458,Carrie,Collier,russell62@gmail.com,5,2,2024-09-09,False
459,Tracy,Yates,adrian73@yahoo.com,2,4,2019-04-20,True
460,Keith,Edwards,simmonsjessica@gmail.com,5,4,2025-03-18,True
461,Laura,Kelley,brownstephanie@chavez-schneider.net,6,6,2021-12-22,False
462,Daniel,Hill,bradley51@vaughn.net,5,6,2017-02-23,True
463,Mary,Webster,brittanyjenkins@garcia-white.com,2,2,2024-11-29,False
464,John,Webb,hharris@hotmail.com,1,4,2023-10-12,False
465,Melissa,Wiggins,qvazquez@jones-perez.com,3,3,2018-02-13,False
466,Ryan,Chambers,charlotte38@gmail.com,3,5,2024-11-15,False
467,Wanda,Beck,zharmon@williams.biz,1,3,2025-05-24,True
468,Timothy,Bryant,kendra83@gmail.com,4,1,2020-07-24,False
469,Michelle,Mason,john86@yahoo.com,2,4,2020-06-11,False
470,Kristin,Morris,meganturner@gmail.com,4,6,2017-03-16,False
471,John,Hahn,jason73@mills-diaz.com,6,1,2025-06-07,False
472,Stephanie,Gonzales,daniellemorton@baker-myers.com,3,5,2015-11-25,True
473,Cassandra,Buchanan,bcook@hotmail.com,5,6,2021-12-09,False
474,Billy,Middleton,johnsonsusan@young.biz,3,1,2017-11-08,False
475,William,Peck,danaadams@hotmail.com,4,5,2018-10-08,True
476,John,Smith,uhill@smith.com,1,1,2016-02-18,False
477,Gary,Dalton,christopher50@hotmail.com,3,1,2023-05-04,True
478,Jennifer,Hall,reynoldsshannon@yahoo.com,2,6,2018-04-18,True
479,Mary,Mccoy,courtneyjoseph@charles.com,6,5,2016-06-26,False
480,Lucas,Craig,eatonsusan@hotmail.com,1,3,2025-06-08,True
481,Mary,Lopez,woodsjohn@gmail.com,3,4,2016-02-09,True
482,Jennifer,Thompson,tbrady@gonzalez.com,6,3,2016-05-28,False
483,Jerry,Armstrong,shawn94@yahoo.com,6,2,2024-05-26,True
484,Mark,Brooks,dayamanda@davis.com,4,3,2024-08-24,True
485,John,Bell,william08@gmail.com,2,2,2022-08-19,True
486,Donna,Frederick,vtyler@gmail.com,4,6,2023-03-25,True
487,Mary,Thomas,cparrish@simmons-campbell.com,6,5,2025-02-11,True
488,Scott,Ellison,whitakersean@soto.com,5,6,2018-10-28,False
489,Sara,Peters,palmerheather@yahoo.com,2,3,2022-01-04,True
490,David,Lee,shanesmith@yahoo.com,1,5,2022-11-25,True
491,Andrea,Potts,richardsonjerry@hammond-mason.org,3,2,2018-02-12,False
492,Jennifer,Murphy,ybaxter@rivera-lee.com,3,6,2025-02-20,False
493,Brenda,Johnson,jamiemartin@gmail.com,3,5,2023-02-25,False
494,Jesse,Miller,osanders@thomas.com,2,4,2016-03-26,True
495,Ashley,Evans,austinleah@yahoo.com,1,6,2016-12-29,True
496,Elizabeth,Cox,howardsteven@collins.com,6,5,2015-07-12,True
497,Carlos,Lambert,tylerburns@hotmail.com,3,1,2022-05-16,True
498,April,Mcmahon,warrencharles@garrett-dominguez.com,6,4,2016-11-02,True
499,Ashley,Brandt,tharvey@yahoo.com,4,5,2022-08-15,True
500,Brent,Wright,megan69@gmail.com,6,3,2023-11-12,True
501,Casey,Carter,sharon91@hotmail.com,4,5,2020-09-20,True
502,Jason,Morse,pbell@gmail.com,5,1,2023-09-03,False
503,Pamela,Brown,tinafox@miller.org,1,1,2024-08-17,True
504,Stephanie,Drake,howard65@yahoo.com,4,5,2022-11-30,False
505,Brandon,Buck,rodneydonaldson@williams.info,5,4,2019-01-18,False
506,Dave,Shepard,eobrien@king.info,4,5,2018-03-05,False
507,Patricia,Robinson,brownshane@hernandez-jones.org,6,1,2016-04-16,True
508,Penny,Walsh,kristen74@gmail.com,3,1,2024-12-05,True
509,Edward,Wood,melaniegregory@hotmail.com,6,2,2019-01-27,True
510,Ann,Choi,jacobjones@perry-henderson.com,3,5,2024-06-28,True
511,Eric,Watson,weisssamantha@gmail.com,1,4,2022-06-05,True
512,Shelley,Johnson,joel00@gmail.com,6,3,2015-11-06,False
513,Jesus,Wilcox,mitchellsteven@henderson.com,1,5,2017-05-11,True
514,Patricia,Stephens,samantha45@gmail.com,3,1,2016-07-17,False
515,Riley,David,mindy02@yahoo.com,1,4,2021-03-08,False
516,Jeffrey,Jones,martindana@gmail.com,5,5,2024-11-20,False
517,Christopher,Huber,garrettjason@hotmail.com,6,3,2025-01-31,False
518,James,Mcdonald,mfaulkner@villegas-franklin.com,4,2,2015-11-23,True
519,Lisa,Coleman,paul53@rosales.biz,4,3,2022-01-27,True
520,Jasmine,Mcclure,carlosbennett@white.com,4,1,2021-11-26,False
521,Debra,Bullock,diazfrank@perry-evans.com,1,1,2020-12-16,True
522,Ronald,Jackson,elizabethtaylor@hotmail.com,3,1,2021-06-21,True
523,Logan,Johnson,mark31@lowery.info,4,5,2024-11-04,True
524,Morgan,Carr,palvarez@harris.org,3,4,2018-11-04,False
525,Michael,Smith,morganbrian@gmail.com,4,1,2022-06-19,True
526,Christian,Estrada,ialvarez@newman.info,5,4,2023-09-30,False
527,Jasmine,Tapia,mccallcory@horn.org,1,6,2020-08-24,True
528,Ashley,Smith,sarahlarson@terrell-chavez.com,1,3,2024-01-27,False
529,Katie,Conrad,pprice@yahoo.com,1,4,2021-03-24,True
530,Christina,Stephens,barbarapearson@williams.biz,2,5,2019-04-24,False
531,Kathryn,Arellano,patrick39@johnson.org,1,1,2021-03-04,False
532,Natalie,Holt,samueldorsey@gmail.com,3,2,2019-11-02,True
533,Patrick,Brown,zhernandez@hotmail.com,2,2,2022-06-21,True
534,Lindsey,Burns,robert56@meyers-malone.com,6,6,2015-08-06,True
535,Jared,Ellis,stewartnicholas@harris-coleman.com,5,3,2022-08-11,True
536,Lucas,Smith,lewissarah@gmail.com,4,6,2018-03-13,False
537,Joe,Dominguez,kelly23@hotmail.com,1,2,2024-05-02,True
538,Troy,Walton,smithmegan@hotmail.com,6,3,2020-01-12,False
539,James,Shah,kevin25@rasmussen-phillips.info,2,2,2023-09-03,False
540,Melissa,Thompson,josephbarnes@yahoo.com,2,2,2023-10-27,False
541,Bryan,Orozco,connie57@yahoo.com,4,3,2022-12-10,True
542,Rebecca,Bolton,cindy57@gmail.com,4,5,2021-05-16,True
543,Erika,Beltran,sandersmichael@gmail.com,2,5,2021-07-03,True
544,Kim,Johnson,trobinson@gmail.com,6,4,2020-09-01,True
545,Zachary,Herrera,wagnerdavid@baker.com,2,1,2023-02-27,True
546,Gina,Mejia,rwright@navarro.com,3,5,2019-09-03,True
547,Sara,Harris,tinaholder@yahoo.com,1,1,2021-05-09,True
548,Jacob,Duncan,bryancruz@gmail.com,5,5,2019-01-10,True
549,Mary,Delacruz,christina14@gmail.com,2,6,2015-12-21,False
550,Brian,Miller,larry64@gmail.com,1,4,2024-12-29,False
551,Nathan,Middleton,vanessa51@krause.org,5,6,2025-06-14,False
552,Nicole,Rose,erinpatrick@gmail.com,6,2,2018-02-01,True
553,Clayton,Williams,jessica85@garcia.org,3,5,2023-06-22,True
554,Angel,Harris,gutierrezronald@hotmail.com,5,4,2024-12-25,True
555,John,Rowland,ppatel@gmail.com,2,4,2023-11-14,False
556,Steven,Mccoy,xkramer@gmail.com,1,4,2015-07-05,False
557,Matthew,Reed,brett72@ferrell-eaton.net,2,4,2018-01-25,False
558,Ernest,Jones,stevemartinez@gomez.com,2,4,2022-06-20,True
559,Krystal,Washington,bmccarty@ryan-wilson.net,6,4,2020-07-24,False
560,Michelle,Durham,stoutbrenda@gmail.com,5,1,2020-10-05,False
561,Elizabeth,White,nicholasmorgan@hotmail.com,3,5,2024-08-18,False
562,Lori,Watson,aharris@hotmail.com,5,1,2025-04-06,False
563,Leslie,Patterson,timothyfrank@simpson.com,2,3,2017-04-02,True
564,Frank,Lewis,abbottjacob@martin.com,5,3,2022-08-21,False
565,Michelle,Palmer,hbrown@warren.net,6,1,2016-12-05,True
566,Christine,Smith,sharon98@parker.com,2,6,2025-03-07,False
567,Anne,Walker,sharonwalsh@gmail.com,1,4,2021-01-29,False
568,Sarah,Estrada,julielowery@gray-lawrence.org,4,1,2015-10-21,False
569,Juan,Carson,hernandezrhonda@yahoo.com,5,4,2016-10-11,True
570,Elizabeth,Smith,ekim@gmail.com,2,3,2020-02-23,False
571,Hannah,Jones,nsimmons@gmail.com,4,2,2016-01-09,False
572,Melanie,Watkins,cgonzalez@hotmail.com,5,1,2015-08-09,False
573,Johnathan,Williams,kristine84@arroyo.com,3,2,2019-08-15,False
574,Sharon,Lopez,williamsjeffery@harper-rodriguez.biz,4,6,2020-02-16,True
575,Courtney,Brock,lellis@gmail.com,2,3,2024-01-05,True
576,Amy,Schwartz,charlesgreen@yahoo.com,6,5,2020-08-22,False
577,Tara,Anderson,sandrafowler@king-williams.com,3,4,2017-12-31,True
578,Amy,Porter,christophermalone@hotmail.com,3,5,2024-01-26,False
579,John,Anderson,nmarks@garcia-cox.net,1,6,2018-07-01,False
580,Aaron,Newman,heathermclean@schmidt.com,3,4,2021-07-30,True
581,Jeremy,Porter,rdickson@williams-morris.com,3,2,2018-04-02,True
582,Anthony,Mckenzie,hawkinspatricia@hotmail.com,1,5,2022-04-28,False
583,Shirley,Parker,elizabethalvarez@joseph.com,2,1,2015-08-07,False
584,Jade,Bell,wheelerrachel@hernandez.com,5,4,2020-10-07,False
585,Jessica,Mclean,lindseylynch@david.org,1,6,2023-05-13,True
586,Andrew,Poole,nroberts@gmail.com,4,5,2019-07-15,True
587,Michael,Poole,dlee@adams.net,2,2,2019-02-09,True
588,Megan,Hernandez,qcardenas@smith.com,2,2,2023-03-06,True
589,Sarah,Hernandez,kenneth68@ayala.com,5,2,2016-01-18,False
590,Megan,Ray,jaclyncook@yahoo.com,3,5,2020-02-20,False
591,Nichole,Washington,pgonzalez@cohen.com,6,3,2020-02-21,True
592,Michelle,Curtis,xpark@yahoo.com,4,3,2019-01-21,True
593,Kimberly,Wallace,mclaughlinchristina@yahoo.com,3,6,2025-06-22,False
594,Karen,Collier,peckerin@glover.com,5,6,2024-01-10,True
595,Cody,Webb,dibarra@yahoo.com,4,6,2024-09-13,False
596,Diana,Ashley,christine28@gmail.com,2,4,2016-04-26,False
597,Shannon,Allen,ericacampbell@rogers-butler.com,4,4,2022-01-02,False
598,Stephen,Perry,brooksmaria@wilson-sutton.com,4,4,2019-11-22,True
599,Carla,Dennis,hornealexandria@yahoo.com,6,2,2019-07-10,True
600,Christopher,Wilson,monica48@gmail.com,1,5,2015-07-14,True
601,James,Cox,linda34@boyer.com,6,6,2021-11-30,True
602,Jonathan,Hughes,smithsarah@perez.com,5,6,2024-08-26,True
603,Jennifer,Chapman,ethantucker@gmail.com,3,6,2023-12-06,True
604,Caitlin,Collins,david33@moore.info,4,1,2020-09-06,True
605,Sean,Lee,stevenhartman@hunt.biz,1,1,2020-03-11,False
606,Victoria,Bailey,sgregory@yahoo.com,6,4,2021-11-20,False
607,Shane,Chandler,ashley07@hancock.com,1,6,2015-12-13,False
608,Alexis,King,meyersjoseph@erickson.com,3,5,2021-12-05,False
609,Richard,Rivera,frankmorrison@edwards-hayes.com,6,4,2025-02-28,True
610,Connor,Strickland,taylorkevin@hotmail.com,2,5,2019-09-13,True
611,Denise,Peterson,kayla57@gmail.com,5,2,2017-05-18,True
612,Dylan,Beck,leahallen@yahoo.com,6,2,2021-04-12,False
613,Felicia,Walker,irwinwyatt@stephens.com,5,6,2022-03-11,True
614,Taylor,Harris,opark@gmail.com,4,6,2024-04-03,False
615,Jessica,Moody,christopher23@yahoo.com,3,1,2024-07-20,True
616,Hector,Stevens,anthonylopez@hotmail.com,4,2,2016-01-06,False
617,Matthew,Frank,annette51@yahoo.com,5,1,2022-05-14,False
618,Pam,Norris,brianna61@hotmail.com,1,6,2017-07-10,False
619,Gina,Hernandez,andrewcastro@hotmail.com,3,2,2020-09-13,False
620,Ronald,Carter,pbrown@yahoo.com,1,4,2021-02-03,True
621,Robert,Atkins,millerbenjamin@collier.com,3,5,2019-12-22,False
622,Nicole,Burke,paula33@jensen.com,5,6,2016-11-06,False
623,Joseph,Boyle,erika46@yahoo.com,4,3,2018-10-16,True
624,Crystal,Smith,leroysosa@gmail.com,2,5,2024-06-22,False
625,David,Collins,crivers@thomas.org,2,3,2019-07-10,True
626,Lori,Mccullough,angela00@yahoo.com,4,1,2022-04-22,True
627,Heather,Robinson,gboyer@cisneros.com,4,4,2019-08-01,False
628,Sara,Bender,brendahorne@williams.biz,5,1,2024-06-15,False
629,Rhonda,Miller,dawn61@nguyen.com,4,2,2016-02-03,True
630,Laurie,Jackson,justin76@gmail.com,3,2,2019-08-17,False
631,Clayton,Perry,sjohns@hotmail.com,1,2,2018-07-06,True
632,Kathryn,Espinoza,castillojamie@duncan-miller.net,6,2,2019-10-28,True
633,Linda,Green,rojasphilip@gmail.com,1,1,2020-04-27,False
634,Yolanda,Ho,ffranklin@hotmail.com,5,6,2020-09-13,False
635,Theresa,Camacho,davidjohnson@yahoo.com,6,6,2019-05-04,True
636,David,Stone,ryan77@levy.com,4,5,2015-07-21,False
637,Janice,Diaz,kristin08@clay-fernandez.com,3,1,2017-09-03,True
638,Kelly,Anderson,andersoncarl@gmail.com,2,2,2017-05-14,False
639,Jennifer,Wilson,anthony13@hotmail.com,3,3,2024-02-20,True
640,Anna,Drake,armstrongjoseph@gilmore-morrison.com,1,4,2024-02-29,False
641,Carmen,Leach,davidthomas@smith.com,5,3,2019-03-04,True
642,David,Scott,josephgregory@hotmail.com,1,3,2022-11-27,False
643,Rachel,Turner,brookebarnes@yahoo.com,2,6,2022-02-23,False
644,James,Harmon,masoncarlos@russell.biz,4,2,2017-05-01,True
645,Brandon,Hardy,rsalas@yahoo.com,3,2,2020-03-18,False
646,Patrick,Moore,jonesbobby@diaz.com,6,3,2022-04-20,False
647,Bruce,Mack,mforbes@yahoo.com,4,5,2025-03-06,True
648,Jon,Harding,justinfields@wolf.com,1,4,2025-04-05,False
649,Christopher,Collins,fwilliamson@gmail.com,5,4,2024-05-19,True
650,Melissa,Conner,connor56@cummings-acosta.biz,6,6,2019-01-20,False
651,Larry,Merritt,deanjackie@butler.com,6,3,2021-02-28,False
652,Tanya,Bailey,matthew45@fowler.biz,3,3,2025-06-04,False
653,Randy,Lynch,seth24@potts.com,6,3,2019-07-18,True
654,Michael,Mcmillan,rwalsh@shepard.com,4,3,2021-02-24,True
655,Christopher,Baker,robert59@hotmail.com,4,2,2018-08-19,False
656,Christopher,Wilson,christopher89@hotmail.com,2,6,2020-05-28,True
657,Meredith,Chaney,pperry@hill-nelson.com,3,4,2018-06-13,True
658,Jonathon,Garcia,umorgan@gmail.com,1,6,2016-08-27,False
659,Sarah,Allison,stephenperkins@johnson-clarke.com,4,4,2023-01-13,False
660,Justin,Campos,harold09@yahoo.com,5,5,2018-04-04,True
661,Anthony,Ramos,plambert@saunders-johnson.biz,6,4,2019-04-23,False
662,Joshua,Vargas,wmiller@hotmail.com,4,2,2022-07-10,False
663,Madison,Collins,tedwards@gmail.com,5,6,2017-06-06,True
664,Daniel,Jones,lalexander@massey-johnson.net,1,4,2018-07-05,False
665,Donald,Pope,garrett52@gmail.com,4,2,2023-08-28,False
666,Philip,Davis,tdavis@rivera.com,1,5,2020-07-24,True
667,Larry,Hill,philipmarquez@adams.org,4,1,2017-05-20,False
668,Kenneth,Fernandez,kenneth73@yahoo.com,2,6,2023-07-16,False
669,Andrew,Aguirre,rogersdouglas@garcia.com,2,1,2023-06-13,True
670,Lynn,Moss,katie46@yahoo.com,6,3,2025-04-24,True
671,Lisa,Collins,oallen@gmail.com,2,1,2023-03-19,True
672,Justin,Davis,johnharrington@hill-stewart.com,4,5,2018-10-29,True
673,Wendy,Ray,adamsdenise@yahoo.com,2,1,2017-07-09,True
674,George,Cohen,carlytapia@rangel.com,1,6,2017-02-01,False
675,Jenny,Williams,parkerwilliam@hotmail.com,2,1,2022-09-25,False
676,Ernest,Mejia,dcruz@duran.info,1,5,2018-01-11,True
677,Richard,Collier,autumnrivas@bender-martin.biz,2,2,2021-08-11,False
678,Danielle,Henderson,jamie69@yahoo.com,4,4,2023-12-30,True
679,Jane,Walker,smithgabrielle@yahoo.com,4,2,2024-06-07,False
680,Austin,Rogers,kwalters@yahoo.com,1,5,2025-04-02,False
681,Miranda,Moreno,milesmargaret@manning-wade.com,1,5,2025-03-12,False
682,James,Turner,dixonsherry@gmail.com,6,3,2017-09-06,False
683,Elizabeth,Miller,charles37@zuniga.net,6,4,2023-05-09,True
684,Nancy,Ellis,donaldtorres@hotmail.com,5,5,2016-06-24,True
685,Rachel,Robinson,kristenwilkins@gmail.com,3,1,2025-01-02,True
686,Kristi,Gordon,waterschristopher@gmail.com,3,1,2019-03-24,True
687,Jacqueline,Compton,ewatson@ayers-joseph.com,5,6,2019-06-08,True
688,Thomas,Jenkins,jillgriffith@yahoo.com,4,2,2022-03-25,False
689,Nicholas,Walls,robertsims@sullivan.com,2,4,2018-05-06,True
690,Mary,Stewart,robertsmakayla@gmail.com,5,1,2016-03-31,False
691,Janice,Hoffman,steven63@anderson.net,1,5,2017-12-04,False
692,Jennifer,George,bryandecker@gmail.com,4,2,2025-02-28,False
693,Patrick,Woods,greenbrent@yahoo.com,5,3,2023-09-15,True
694,Melissa,Washington,stephen01@chapman.com,4,3,2016-11-18,False
695,Sherry,Mejia,rogersmatthew@peters-kelley.com,1,5,2022-02-19,False
696,Margaret,Washington,mgonzalez@parker.com,2,4,2017-01-12,True
697,Todd,George,anthonybrown@gmail.com,3,4,2023-11-25,False
698,Carla,Jones,joshua98@hotmail.com,1,4,2023-08-02,True
699,Alexandra,Newton,hopkinsmatthew@yahoo.com,5,4,2015-10-23,False
700,Joseph,Keller,ebailey@bell.com,2,4,2024-02-15,True
701,Lori,Gilbert,iguerra@gmail.com,3,4,2020-01-28,False
702,Lori,Graves,christophercole@santos-thomas.com,2,2,2019-09-03,False
703,Bradley,Smith,gonzalestiffany@rodriguez.com,3,3,2022-04-23,False
704,Matthew,Bell,aliciatorres@hotmail.com,5,2,2023-10-19,True
705,Melanie,Savage,ramireznicole@hanson.info,2,3,2020-08-24,True
706,Rhonda,Sanchez,samanthapierce@moon.com,1,2,2019-12-19,False
707,Andrew,Howe,elliottgabrielle@hotmail.com,1,3,2021-01-15,True
708,Jane,Burke,andrew25@meyer.com,4,4,2022-02-19,True
709,Melvin,Weaver,elizabeth64@gmail.com,4,4,2024-08-04,True
710,Holly,Booker,mary28@gardner-miller.com,2,4,2018-04-03,True
711,David,Nguyen,william02@castillo-harper.biz,3,6,2019-05-28,True
712,Joseph,Smith,michelle08@hotmail.com,6,3,2015-07-05,True
713,Stephanie,Hughes,icarter@yahoo.com,5,5,2015-12-10,False
714,Jeff,Henderson,rhodescharles@anderson.com,2,6,2018-10-06,False
715,Sierra,Meza,foxdiane@hotmail.com,6,5,2020-02-22,True
716,Kimberly,Klein,laura13@park.com,5,4,2021-05-11,True
717,Madison,Smith,rebeccasmith@hotmail.com,2,4,2023-06-09,False
718,Kimberly,Mccarthy,richardtaylor@yahoo.com,5,6,2024-02-14,True
719,William,Simpson,vcox@butler.info,1,1,2019-12-21,True
720,Valerie,Jones,margaret76@ware.com,2,2,2016-04-25,False
721,Mitchell,Oneal,margaret52@gmail.com,6,5,2021-07-19,True
722,Christopher,Kerr,villarrealbrenda@yahoo.com,6,6,2024-01-28,True
723,Justin,Crane,annerodriguez@yahoo.com,5,4,2017-01-19,False
724,Leonard,Walker,ronnieharris@hotmail.com,6,3,2024-10-18,False
725,Shawn,Washington,uolson@chaney-lynch.net,6,2,2016-01-15,True
726,Jason,Jones,njimenez@hotmail.com,3,5,2022-05-03,False
727,Barry,Donovan,josepark@jackson.com,6,4,2021-06-14,False
728,Madeline,Petersen,lflores@clarke.biz,4,6,2020-06-14,False
729,Martin,Hart,ibryant@yahoo.com,4,1,2023-09-18,True
730,Scott,Farmer,pettymarisa@bailey.com,2,1,2025-06-05,True
731,Deborah,Ramos,lharrison@bird.com,4,4,2020-06-06,True
732,Vincent,Bauer,ronald47@gmail.com,3,6,2024-10-09,True
733,Martha,Kennedy,diana76@hotmail.com,1,4,2020-03-01,True
734,Christy,Hutchinson,perezjason@randall.com,1,4,2024-09-19,False
735,Richard,Sanchez,duranalexander@morales-brown.com,5,2,2017-07-29,True
736,Kevin,Reyes,uharrison@hotmail.com,6,2,2018-05-13,False
737,John,Cooper,barbaranewton@yahoo.com,3,4,2021-01-12,True
738,Megan,Daniels,scottmiller@hotmail.com,1,5,2020-08-24,False
739,Patrick,Johnson,kevinkeller@gmail.com,1,2,2020-06-13,False
740,Christina,Smith,zacharycox@buchanan-robertson.org,5,3,2020-03-30,False
741,Andrew,Taylor,nancy94@cooper.org,1,6,2019-08-30,True
742,Brittney,Kim,rfrancis@yahoo.com,2,5,2023-05-08,True
743,Erica,Rose,erika51@yahoo.com,5,5,2021-03-03,False
744,Pamela,Foster,fergusonaaron@yahoo.com,2,4,2022-05-15,False
745,Michael,Johnson,harold74@webb.com,1,5,2021-08-28,False
746,Sonya,Snyder,madams@gmail.com,3,2,2021-10-27,False
747,John,Preston,tonyahays@jackson-barnes.org,4,6,2021-10-26,False
748,Christina,Thompson,james84@yahoo.com,2,5,2020-10-16,False
749,Nicholas,Burke,grayjamie@hotmail.com,1,1,2019-01-09,True
750,Tracy,Huang,angelawright@yahoo.com,3,6,2023-08-03,False
751,Susan,Gill,jessicamejia@anderson-lutz.com,1,5,2025-03-02,False
752,Felicia,Mckinney,nicholassavage@gmail.com,4,3,2019-11-06,False
753,Taylor,Mccoy,aboyd@yahoo.com,6,1,2020-08-26,True
754,John,Butler,rhays@yahoo.com,4,5,2021-06-07,True
755,Cassandra,Anderson,nthomas@yahoo.com,2,1,2016-12-03,True
756,Stephen,King,sheila79@duke.com,6,4,2022-08-11,True
757,Cynthia,Adams,guerrerolucas@yahoo.com,1,6,2017-02-27,False
758,Dawn,Davis,crosbyjennifer@yahoo.com,3,4,2019-08-29,True
759,David,Grant,hannahlopez@hotmail.com,3,3,2024-04-25,False
760,Robert,Holland,hillmegan@gmail.com,5,6,2023-03-03,True
761,Kenneth,Osborne,barnessonia@gmail.com,6,5,2016-03-13,True
762,James,Smith,margaretday@horton-rodriguez.com,3,5,2020-11-05,True
763,Christopher,White,mwarren@reynolds.com,2,4,2024-02-20,True
764,Jennifer,Merritt,arodriguez@hotmail.com,6,3,2022-06-07,False
765,Morgan,Cooper,mercadobrandon@gmail.com,2,3,2017-02-27,True
766,John,Stone,amy39@stewart.com,5,5,2016-05-28,False
767,Corey,Villa,smyers@yahoo.com,1,3,2023-12-10,True
768,Matthew,Mccoy,vdavis@gutierrez.info,5,1,2022-05-28,True
769,Cheryl,Kelly,michaeldean@gmail.com,4,1,2025-04-23,True
770,Jeffrey,Briggs,nicoledavis@butler.com,3,1,2020-08-07,True
771,Veronica,Powers,snyderdaisy@snow.com,2,6,2023-08-15,True
772,Dennis,Hamilton,fredosborn@clark.com,4,2,2024-08-18,False
773,Kimberly,Gonzalez,dawsonalexandra@yahoo.com,3,2,2015-11-09,False
774,Katrina,Gonzales,ehensley@marshall.biz,6,3,2017-06-23,True
775,Lynn,Sanders,acollins@hotmail.com,2,4,2020-01-08,False
776,Renee,Warren,uroberson@bell.com,2,3,2024-09-08,True
777,Timothy,Daniel,ekelly@hotmail.com,1,6,2024-01-28,False
778,John,Strong,kylejohns@kim-campbell.com,3,6,2019-08-05,False
779,Derek,Jimenez,qbrown@hotmail.com,1,1,2023-07-02,True
780,Monica,Smith,barbararyan@coleman.com,3,1,2017-11-20,True
781,Cynthia,Lewis,juan43@hotmail.com,6,3,2022-07-27,True
782,Jamie,Conley,mindylawrence@baker.com,5,5,2024-05-20,False
783,Carrie,Jones,anthonygray@yahoo.com,4,1,2024-12-02,False
784,Nicholas,Erickson,amber59@yahoo.com,5,5,2015-07-16,False
785,Jessica,Smith,wkirby@jimenez.com,1,1,2018-03-01,False
786,Andrew,Garza,nicolebowers@turner.org,3,2,2019-11-14,False
787,Jeremy,Brown,carollevy@bass-hopkins.com,2,6,2023-09-13,False
788,Darryl,Jimenez,bortiz@james.com,6,6,2021-01-15,False
789,Theresa,Franco,ggregory@gmail.com,1,1,2017-09-12,True
790,Edward,Walker,jonesanthony@mcclain.com,6,3,2021-08-19,True
791,Brandon,Harrison,kristinetodd@johnson-rubio.info,6,3,2018-07-07,False
792,Kathleen,Frost,brownmichelle@yahoo.com,5,6,2020-11-12,False
793,Samantha,Bennett,conradandrea@freeman.net,1,6,2024-01-01,True
794,John,Robinson,tanyapotter@chavez.info,6,5,2017-02-07,True
795,Theresa,Pitts,cholland@hotmail.com,3,5,2019-07-24,True
796,John,Adams,lmyers@yahoo.com,4,4,2020-06-15,False
797,Michelle,Munoz,lisawalker@smith-houston.com,5,2,2016-08-20,False
798,Tyler,Klein,kwilliams@hotmail.com,3,5,2020-02-05,False
799,James,Strong,william16@yahoo.com,4,6,2024-06-20,True
800,Natasha,Nixon,melissa67@yahoo.com,4,3,2022-06-06,True
801,Robert,Haas,mcculloughrobyn@hotmail.com,5,1,2024-07-03,True
802,Pamela,Austin,stewartricardo@hotmail.com,6,4,2024-06-03,False
803,Jennifer,Johnson,johnsonjohn@gmail.com,1,2,2016-09-28,True
804,Jamie,Williams,andrea46@steele.com,3,1,2022-09-19,True
805,Carolyn,Howard,acook@clark-andrews.com,2,4,2022-02-26,True
806,Catherine,Elliott,jeffreywebb@hotmail.com,3,5,2021-08-23,False
807,Regina,Jordan,spotts@yahoo.com,1,5,2017-01-26,True
808,Joanna,Williams,pmills@yahoo.com,4,3,2018-09-27,False
809,Virginia,Higgins,sheltonmark@gmail.com,4,4,2021-08-26,False
810,Amanda,Pearson,walkersabrina@acosta-campbell.com,6,1,2015-10-12,True
811,Michelle,Davis,amandaburgess@morris.com,6,5,2021-06-27,False
812,Mallory,Cochran,monicamartinez@frye.info,2,2,2022-01-17,True
813,Grant,Simpson,kylesutton@novak.com,2,3,2020-01-14,True
814,Dalton,Price,lepaula@yahoo.com,2,5,2019-01-06,False
815,Brittany,Haas,smithsusan@hotmail.com,5,1,2015-11-29,True
816,John,Randall,knightryan@yahoo.com,2,6,2017-04-15,False
817,Jacqueline,Johnston,sara27@fernandez.com,6,2,2024-01-18,True
818,Howard,Richard,grantpaul@hotmail.com,5,2,2018-02-24,True
819,Carol,Terry,cperry@gmail.com,6,2,2025-01-14,False
820,Charles,Owen,stephenpratt@murray.com,6,6,2025-06-10,True
821,Paul,Hardin,wilsonrichard@faulkner.com,6,4,2017-06-14,True
822,Michael,Rice,ikane@taylor.info,1,4,2021-09-23,True
823,Jason,Howell,lisa16@love-curtis.com,4,5,2025-02-20,False
824,Amy,Wilson,samanthaortiz@harper.com,2,4,2019-04-08,False
825,Kelly,Dawson,robert06@yahoo.com,1,2,2020-03-31,True
826,Tonya,Roman,smithanna@yahoo.com,5,1,2016-03-24,True
827,Andrew,Reyes,fdavis@williams.com,1,6,2016-09-15,True
828,Cody,Fitzgerald,igates@padilla-bailey.org,6,4,2015-08-28,False
829,Ryan,Gray,jmayer@gmail.com,6,3,2019-03-06,False
830,Laurie,Morales,qmiranda@hoffman.com,3,6,2018-09-09,False
831,Natalie,Perry,valdezjulia@leonard-stewart.com,3,6,2025-06-19,True
832,John,Brooks,judyevans@gmail.com,2,5,2025-06-22,True
833,Kevin,Morris,carellano@gmail.com,6,2,2021-05-30,True
834,Christopher,Diaz,laurawilliams@hotmail.com,1,5,2017-01-29,True
835,Nicholas,King,ewingjoshua@rosario-grimes.com,6,4,2016-09-21,True
836,Amanda,Wheeler,patelcaitlin@hoffman.com,4,6,2016-10-09,True
837,Kristin,Campos,dennis87@reeves.com,5,6,2020-06-27,False
838,Jason,Gonzalez,jonathan09@gmail.com,1,5,2019-12-27,True
839,Jerry,Vance,johnhernandez@gmail.com,3,6,2017-04-20,False
840,Victor,Li,elizabethphillips@hill.com,3,3,2020-09-14,False
841,Jonathon,Stewart,deborahcarr@hotmail.com,2,1,2017-05-28,False
842,Brittney,Perry,ashley17@hotmail.com,6,2,2022-09-23,False
843,Priscilla,Cowan,sean26@anderson.net,3,4,2017-01-21,False
844,Jerry,Lee,laura78@hotmail.com,4,2,2016-03-07,False
845,Matthew,Carter,campbellronald@gmail.com,3,6,2016-10-25,False
846,John,Lucas,zavalasarah@schmidt.com,3,6,2025-05-05,False
847,Patrick,Page,rmiller@howard.com,4,5,2020-06-16,False
848,Michael,Osborne,llewis@murphy.com,6,5,2018-02-13,False
849,Jose,Chen,rogerreese@yahoo.com,6,5,2024-08-19,True
850,Brian,Richardson,ashley17@yahoo.com,2,4,2018-09-11,True
851,Christopher,Jones,petersonmarcus@hotmail.com,3,5,2018-03-01,True
852,Rachel,Cooley,matthewgarrett@thomas.com,5,2,2020-05-05,False
853,Samuel,Stone,clarkjanice@johnson-hayes.biz,3,3,2023-01-02,False
854,William,Kramer,edavis@yahoo.com,3,4,2018-10-23,True
855,Kimberly,Holland,monica66@butler.info,6,2,2016-03-13,False
856,Leslie,Anderson,shahbrian@gmail.com,4,6,2024-11-08,True
857,Joshua,Powell,mrobbins@yahoo.com,1,2,2023-09-06,True
858,Linda,Gates,oneilljoseph@walker-harrington.net,3,1,2025-06-15,True
859,Donna,Sullivan,cdavenport@wade-davis.com,2,5,2019-01-25,True
860,Kyle,Hall,patriciajackson@small-hardy.net,6,3,2016-02-29,False
861,Renee,Smith,joshuaadams@maddox.com,1,6,2019-03-13,True
862,Amanda,Barnett,hullmarcus@hotmail.com,1,5,2024-08-26,True
863,Charles,Washington,xyoung@hotmail.com,3,2,2017-04-23,False
864,Amy,Kelley,colemansabrina@clark-morris.biz,4,6,2019-01-01,False
865,Vanessa,Snyder,ramirezchristine@mann.com,3,1,2018-07-24,False
866,Yvette,Dunn,caldwellraymond@yahoo.com,1,6,2022-03-10,True
867,Craig,Lindsey,jermaine69@thompson.com,2,1,2022-04-20,False
868,Shelley,Johnson,donna78@joseph.info,3,6,2024-05-08,True
869,Michael,Pearson,robinclark@anderson-evans.net,4,2,2016-07-10,False
870,Linda,Martin,ibright@berry-mckee.com,2,2,2022-06-05,False
871,Kathryn,Evans,jonessamuel@hotmail.com,6,2,2021-12-08,False
872,James,Bell,greenheather@miller-thomas.com,5,6,2024-01-21,True
873,Richard,Ayers,ayalaronald@jones.org,1,1,2016-08-13,False
874,Kristina,Wilson,lball@lane.com,5,1,2025-06-18,True
875,Jacqueline,Sandoval,nathan04@gmail.com,5,1,2020-07-09,False
876,Justin,Thompson,angelicadavis@hotmail.com,3,3,2018-09-18,True
877,Danielle,Young,huangwilliam@gmail.com,6,1,2017-02-18,False
878,Lindsay,Lopez,zali@gonzalez-jones.com,2,3,2016-06-06,False
879,Roger,Huffman,qsanders@hotmail.com,4,4,2021-03-14,False
880,Nicholas,Russo,kirbythomas@rogers.biz,3,6,2020-03-10,True
881,Jennifer,White,boydabigail@yahoo.com,4,2,2018-09-28,True
882,Mary,Schultz,keithbridges@morse.org,5,3,2023-03-09,False
883,Julie,Neal,morrisgabriel@yahoo.com,5,4,2021-04-23,False
884,Sarah,Smith,jennifer56@cox.org,6,2,2025-06-08,False
885,Michael,Chaney,stevengalloway@hotmail.com,2,6,2024-11-24,True
886,Mary,Anderson,tolson@hotmail.com,5,1,2023-09-29,True
887,Susan,Henderson,aali@obrien.com,6,4,2017-05-10,False
888,James,Dennis,burtonjessica@hotmail.com,6,6,2021-03-28,True
889,Jill,Rivera,smithtina@yahoo.com,6,4,2020-03-17,False
890,Robert,Lane,beckyjones@gmail.com,3,1,2020-02-06,False
891,Nicole,Smith,jennifer56@gmail.com,5,5,2021-08-14,True
892,Nicholas,Noble,vcook@montgomery.com,1,1,2018-09-17,True
893,Corey,Graves,michaelharmon@torres.com,2,1,2023-08-25,False
894,Christina,Armstrong,williamsmarcus@gmail.com,4,4,2017-03-16,True
895,Vanessa,Castillo,joshua99@gmail.com,3,6,2019-08-05,True
896,Cynthia,Gonzalez,apollard@johnson.com,1,6,2023-04-26,False
897,Troy,Spencer,sarahcasey@hotmail.com,6,5,2023-05-06,True
898,Jacob,Singleton,carlcamacho@gmail.com,1,2,2023-06-02,False
899,Paul,Dean,loneill@rodriguez.info,1,1,2018-02-21,False
900,Jessica,Johnson,hbrooks@perry-mendez.com,2,5,2016-06-30,False
901,James,Booth,asmith@taylor.com,4,4,2022-05-02,True
902,Daniel,Hunter,carlawilson@solomon.org,6,4,2021-01-15,True
903,Sherri,Diaz,louischapman@gmail.com,5,2,2024-05-25,True
904,Amy,Garcia,makayla28@schaefer.com,5,2,2017-10-10,True
905,Paige,Williams,michael53@silva-roberts.com,5,4,2015-10-07,False
906,Jessica,Velazquez,erinlee@gmail.com,3,3,2023-10-22,True
907,Katrina,Ball,garciajessica@gmail.com,4,6,2024-12-31,True
908,John,Lee,thompsonjonathan@gmail.com,6,1,2020-04-16,True
909,Gary,Foley,oreyes@hotmail.com,1,6,2016-11-04,False
910,Jessica,Berger,samantha66@yahoo.com,2,2,2022-05-01,True
911,Thomas,Wright,luke05@murphy-jones.org,1,3,2017-08-20,True
912,Maureen,Bishop,swright@collins.biz,6,3,2022-08-12,True
913,Joshua,Chan,keithpeters@wilkins.org,3,5,2020-01-02,True
914,Mallory,Perez,kimberly13@jones-vasquez.com,1,3,2021-07-02,True
915,Monica,Lindsey,xwong@yahoo.com,3,4,2017-10-15,False
916,Christina,Franklin,probinson@frey.com,6,4,2020-08-07,False
917,Rebecca,Gregory,zwright@brown-cabrera.com,5,5,2020-09-20,True
918,Erin,Flowers,courtneylucas@carter.com,1,3,2018-06-07,False
919,Ryan,Atkins,dawn79@gmail.com,4,4,2021-11-27,False
920,Dawn,Yang,schmittthomas@mejia-baker.biz,5,4,2020-10-08,True
921,George,Garcia,jacqueline26@young.biz,2,2,2018-01-13,False
922,James,Tucker,hodgeslisa@foley.com,5,3,2021-01-14,True
923,Kelsey,Dixon,michaelmcguire@levine.com,1,2,2024-01-06,True
924,Debbie,Decker,dixonchristina@price.net,1,4,2022-03-11,True
925,Robert,Davis,yparsons@johnson.net,6,1,2017-10-21,False
926,Angela,Riley,phillipmartinez@boone-wong.com,5,3,2025-01-04,False
927,Lindsay,Jacobson,garciasamantha@yahoo.com,6,6,2019-03-23,False
928,Scott,Conner,victorweber@adams.net,4,5,2024-09-27,False
929,Karen,Scott,eileenhines@yahoo.com,6,6,2019-09-07,False
930,Anthony,Rivera,cwhite@gmail.com,5,3,2022-12-22,True
931,Jennifer,Walker,psmith@kennedy.net,5,1,2024-09-07,False
932,Haley,Park,alicia10@yahoo.com,3,3,2019-09-02,True
933,Kristina,Wilson,kennethwilson@hotmail.com,2,5,2024-09-19,True
934,Angela,Brown,campbellrobin@hotmail.com,4,1,2016-08-15,False
935,William,Hampton,charles75@hotmail.com,4,5,2019-02-08,True
936,Laura,Smith,meagancook@yahoo.com,5,1,2023-03-28,True
937,Samantha,Adams,hamiltonangela@yahoo.com,1,5,2018-09-29,False
938,James,Anderson,rpineda@yahoo.com,1,3,2023-03-19,True
939,Rebecca,Evans,mmurphy@howard.com,3,3,2019-03-07,False
940,Charles,Simmons,pricemark@reed.com,4,4,2025-02-17,True
941,Janet,Paul,harrisonsherry@pope.com,6,2,2021-07-03,False
942,Ryan,Vincent,carloscollins@hotmail.com,6,6,2017-09-21,False
943,Adam,Velasquez,emily22@gmail.com,6,6,2024-02-17,True
944,Jennifer,Fuentes,paullong@bates-aguilar.biz,1,6,2017-04-26,False
945,Gregory,Heath,pgilbert@gmail.com,5,6,2024-04-03,True
946,Rachel,Goodwin,bmills@yahoo.com,4,6,2021-03-24,False
947,Diana,Smith,brittany63@dougherty.com,6,5,2022-04-03,False
948,David,Green,josephclark@gmail.com,2,1,2024-01-18,False
949,Michael,Maxwell,larry78@pierce-vaughan.com,5,5,2017-07-31,True
950,Aaron,Anderson,robinsonjessica@burns.com,5,4,2021-10-24,False
951,Christopher,Terry,steven70@diaz-reilly.info,5,3,2021-01-01,False
952,Catherine,Molina,tarabrown@green-smith.info,5,6,2022-07-02,True
953,Michaela,Rogers,ehodges@stone.com,5,4,2020-12-29,False
954,Justin,Jenkins,khall@young.com,2,3,2020-04-25,False
955,Tammy,Johnson,ncampbell@chan-jones.com,3,2,2024-08-01,True
956,Gabriel,Bates,ivanpatterson@yahoo.com,3,2,2022-02-04,False
957,Traci,Tucker,carlos17@higgins-mitchell.org,4,2,2021-01-01,False
958,Andrea,Norton,aserrano@garcia-mckinney.com,5,6,2019-05-13,True
959,Gina,Crawford,william99@hotmail.com,3,2,2023-04-19,True
960,Kimberly,Newman,mullinslydia@davis-kent.info,3,5,2020-11-01,True
961,Derek,Nichols,wongthomas@gmail.com,5,6,2022-10-09,True
962,Joshua,Williams,gwilliams@yahoo.com,4,4,2025-03-02,True
963,Elizabeth,Yates,yolandaking@acosta.info,6,2,2022-12-22,False
964,Carolyn,Evans,andersondarren@gmail.com,5,2,2022-06-19,True
965,Benjamin,Gray,masonkeith@robertson.biz,5,4,2017-11-15,True
966,Rebecca,Whitehead,zperkins@knight-garcia.info,3,4,2025-04-25,False
967,Troy,Mendez,lopezdavid@holloway.com,5,2,2018-10-10,False
968,Anthony,Bush,dustin12@wilson-li.com,4,3,2015-08-31,True
969,Dawn,George,ryan75@gmail.com,1,2,2021-10-30,True
970,Dakota,Gilbert,angelalopez@rhodes.com,5,2,2016-06-27,False
971,James,Lewis,xhale@phillips-robinson.com,1,3,2017-09-29,False
972,Nicole,Fleming,hdavis@hutchinson.com,6,4,2017-07-17,False
973,Cody,Marshall,rbryant@thornton.biz,3,6,2021-02-28,False
974,Jacob,Bailey,zclark@hotmail.com,1,1,2021-10-01,True
975,Caroline,Sanders,mrobinson@gibbs-brown.net,3,2,2023-06-02,False
976,Dakota,Peterson,christine33@curtis.net,5,6,2015-10-11,False
977,Kelsey,Jones,larrybender@reynolds.com,3,5,2018-06-01,False
978,Abigail,Gregory,jonathanjohnson@hotmail.com,4,3,2021-11-02,True
979,Shawn,Johnson,cody85@myers-scott.biz,6,1,2018-11-12,True
980,Summer,Smith,pforbes@rose-ramirez.org,6,1,2017-10-05,True
981,Paul,Mcmahon,chambersnicholas@robinson-cole.com,6,5,2024-07-08,False
982,Duane,Montes,andrew73@gmail.com,6,5,2018-07-05,True
983,Brandi,Sexton,melindajohnson@yahoo.com,5,2,2018-04-01,True
984,Jason,Morrison,lbrown@jackson.com,1,1,2020-06-06,False
985,Andrea,Castillo,gonzalezmichael@white.org,1,5,2023-02-15,False
986,Carla,Love,sabrina55@hotmail.com,6,2,2020-02-05,True
987,Carolyn,Alexander,xjohnson@butler.com,3,3,2017-09-13,True
988,Danielle,Payne,kelsey58@gmail.com,2,5,2016-02-06,True
989,Stephanie,Zimmerman,christopher72@yahoo.com,2,2,2024-01-18,True
990,Christopher,Lee,adamskayla@gordon.com,3,4,2017-08-05,False
991,Emily,Perkins,alexislarsen@carter.org,2,6,2016-03-02,False
992,Carla,Nguyen,lhunt@hotmail.com,2,1,2024-04-08,True
993,Gregory,Day,rachael67@gmail.com,6,4,2018-06-26,True
994,Jonathan,Blake,ctorres@yahoo.com,2,5,2022-02-10,True
995,Tiffany,Meyers,jacob19@bell.com,3,5,2017-01-04,False
996,Matthew,Lam,jonesdeborah@jones.com,6,2,2024-10-20,False
997,Michael,Garcia,caitlyn96@gmail.com,1,6,2023-06-01,False
998,Bradley,Sweeney,gonzalescarol@fleming-robles.com,5,6,2017-06-06,True
999,Emma,Blanchard,jeffreywilliams@gallagher-patrick.com,1,2,2023-03-15,True
1000,John,Thomas,jamesmcbride@miller.info,6,5,2017-06-10,True
